游戏排名,游戏名称,游戏厂商,游戏评分,游戏分类,游戏标签,游戏数据
1,王者荣耀 CN,厂商: 腾讯,4.8,动作,"多人对战,MOBA,联机",30745584 人安装 34838816 人关注
2,明日方舟 CN,厂商: 鹰角网络,8,策略,"塔防,二次元,养成",402925 人安装 776747 人关注
3,使命召唤手游 CN,厂商: 腾讯,8,动作,"第一人称射击,高画质,多人对战",7085312 人安装 2589735 人关注
4,妄想山海,厂商: 腾讯,6.7,角色扮演,"开放世界,高自由度,山海经",7490505 人安装 3860147 人关注
5,原神 CN,厂商: miHoYo,4.4,角色扮演,"开放世界,二次元,角色扮演",813166 人安装 1177149 人关注
6,和平精英 CN,厂商: 腾讯,6.9,动作,"多人联机,射击,第一人称射击",726668 人安装 873002 人关注
7,幻书启世录,厂商: 网易游戏,4.6,角色扮演,"高画质,二次元,卡牌",864894 人安装 2304695 人关注
8,阴阳师,厂商: 网易游戏,7.1,角色扮演,"卡牌,养成,回合制",2430089 人安装 1757736 人关注
9,光·遇 CN,厂商: 网易游戏,6,角色扮演,"唯美,治愈,RPG",10262612 人安装 5020882 人关注
10,另一个伊甸 : 超越时空的猫 CN,厂商: 心动网络,9.1,角色扮演,"单机,回合制,RPG",3994929 人安装 5286496 人关注
11,魔渊之刃,厂商: 雷霆游戏,5.8,动作,"ARPG,动作,Roguelike",3478135 人安装 2201775 人关注
12,天涯明月刀,厂商: 腾讯,6.7,角色扮演,"武侠,高画质,MMORPG",6885668 人安装 3035696 人关注
13,碧蓝航线 CN,厂商: 哔哩哔哩游戏,8.6,策略,"二次元,美少女,养成",4160757 人安装 2777269 人关注
14,炉石传说,"厂商: Blizzard Entertainment, Inc.",7.2,策略,"CCG,暴雪,策略",150519 人安装 1494428 人关注
15,火影忍者 CN,厂商: 腾讯,7,动作,"格斗,动作,ACG",7707859 人安装 3625902 人关注
16,命运-冠位指定（Fate/Grand Order） CN,厂商: 哔哩哔哩游戏,7.6,角色扮演,"二次元,卡牌养成,卡牌",17700602 人安装 8233943 人关注
17,决战！平安京 CN,厂商: 网易游戏,6.5,角色扮演,"MOBA,联机,多人",13807969 人安装 4224514 人关注
18,战双帕弥什 CN,厂商: 库洛游戏,7.2,角色扮演,"动作,高画质,二次元",572075 人安装 841967 人关注
19,天谕（预下载）,厂商: 网易游戏,8.6,角色扮演,"幻想,3D,MMORPG",1950497 人安装 1994205 人关注
20,月圆之夜,厂商: 滴答工作室,9.3,冒险,"卡牌,单机,Roguelike",7190355 人安装 10829948 人关注
21,元气骑士,厂商: 凉屋游戏,9.6,动作,"Roguelike,地牢,像素",10657832 人安装 3960130 人关注
22,崩坏3,厂商: miHoYo,6.8,动作,"动作,二次元,高画质",1004757 人安装 653481 人关注
23,我的侠客,厂商: 极光计划,6.7,角色扮演,"武侠,高自由度,开放世界",6641517 人安装 10220764 人关注
24,最强蜗牛 CN,厂商: 青瓷,4.4,角色扮演,"冒险,竖屏,放置",1441380 人购买 9040724 人关注
25,穿越火线-枪战王者,厂商: 腾讯,5.9,动作,"第一人称射击,吃鸡,联机",1241859 人安装 1761916 人关注
26,江南百景图 CN,厂商: 椰岛游戏,7.1,模拟,"建设,经营,放置",2453028 人安装 1822327 人关注
27,诸神皇冠 CN,厂商: 微主流,8.1,策略,"单机,SRPG,战棋",90290866 人安装 17573683 人关注
28,QQ飞车 CN,厂商: 腾讯,7,竞速,"竞速,漂移,飙车",1629472 人安装 1537318 人关注
29,人类跌落梦境 CN,厂商: 心动网络,7,冒险,"多人,冒险,魔性",472032 人安装 403968 人关注
30,公主连结Re:Dive CN,厂商: 哔哩哔哩游戏,6.6,角色扮演,"二次元,卡牌,美少女",5521960 人安装 1004592 人关注
31,万象物语 CN,厂商: 龙渊网络,8.5,角色扮演,"养成,角色扮演,RPG",559267 人购买 1460173 人关注
32,香肠派对,厂商: 真有趣游戏,7.6,动作,"射击,吃鸡,多人",105749 人安装 171482 人关注
33,剑与远征 CN,厂商: 莉莉丝游戏,6.1,卡牌,"竖屏,放置,挂机",6625824 人安装 3105663 人关注
34,2047,厂商: 文艺复兴工作室,8.9,卡牌,"CCG,卡牌,卡牌对战",615071 人安装 477068 人关注
35,仙境传说RO：守护永恒的爱,厂商: 心动网络,7.1,角色扮演,"MMORPG,二次元,联机",21070 人关注
36,帕斯卡契约,厂商: TipsWorks,9,动作,"单机,高画质,动作",17638925 人安装 6371527 人关注
37,密室逃脱绝境系列9无人医院,厂商: 深圳市火星人互动娱乐有限公司,8.7,益智,"儿童保护,密室逃脱,恐怖",355054 人关注
38,一梦江湖 CN,厂商: 网易游戏,7.2,角色扮演,"高自由度,武侠,MMORPG",230755 人安装 302794 人关注
39,三国志幻想大陆,厂商: 广州灵犀互动娱乐有限公司,5.8,卡牌,"卡牌,三国,养成",618179 人关注
40,最终庇护所（测试版）,厂商: 悟饭游戏,7.6,模拟,"末日,策略,模拟经营",550109 人安装 1127021 人关注
41,我的世界 CN,厂商: 网易游戏,6.4,休闲,"联机,多人,沙盒",141262 人安装 288466 人关注
42,邂逅在迷宫（测试服）,厂商: 奥熠游戏,8.1,角色扮演,"挂机,二次元,放置",1377940 人购买 1885716 人关注
43,偶像梦幻祭2,厂商: 乐元素科技(北京)股份有限公司,8.5,音乐,"音游,女性向,音乐",484876 人安装 336174 人关注
44,论如何建立一个修仙门派（测试版）,厂商: HydrozoaWorks,8.6,模拟,"修仙,文字,单机",1224598 人安装 656804 人关注
45,解神者：X2,厂商: SIVA游戏制作委员会,5.6,角色扮演,"ARPG,ACG,二次元",3411693 人安装 1689220 人关注
46,灵猫传,厂商: 朝夕光年,8.1,角色扮演,"剧情,乙女,恋爱",538706 人购买 803079 人关注
47,Muse Dash 喵斯快跑,厂商: 心动网络,9.5,音乐,"付费,音游,二次元",1968668 人安装 1252372 人关注
48,无极仙途,厂商: 风之力游戏,8.7,角色扮演,"修仙,挂机,放置",1154536 人安装 819838 人关注
49,托拉姆物语,厂商: 小游网络,7.3,角色扮演,"MMORPG,捏脸,角色扮演",188056 人安装 368904 人关注
50,永远的7日之都,厂商: 网易游戏,8.1,角色扮演,"二次元,美少女,养成",2542961 人安装 1137368 人关注
51,汉末霸业 CN,厂商: 成都龙游天下,8.5,策略,"付费,三国,单机",1427310 人安装 706652 人关注
52,伊洛纳 (elona),厂商: 雷霆游戏,7.1,角色扮演,"角色扮演,开放世界,像素",1832618 人安装 1042974 人关注
53,动物餐厅 CN,厂商: DHGAMES,8.8,模拟,"放置,可爱,经营",252659 人安装 410776 人关注
54,鸿图之下,厂商: 腾讯,7.4,策略,"SLG,策略,虚幻4",158674 人购买 306926 人关注
55,机动战队大作战 CN,厂商: 游戏公国,7.4,卡牌,"二次元,美少女,机甲",1513780 人安装 787716 人关注
56,暴走英雄坛 CN,厂商: 上海晓枫网络科技有限公司,7.4,角色扮演,"武侠,放置,文字",1514593 人安装 1248884 人关注
57,三国杀 CN,厂商: 杭州游卡网络技术有限公司,3.2,桌面和棋类,"策略,桌面和棋类,卡牌",424939 人安装 305934 人关注
58,时空中的绘旅人,厂商: 网易游戏,8.4,角色扮演,"剧情,女性向,乙女",2722684 人安装 1646157 人关注
59,下一站江湖Ⅰ,厂商: 搜发互娱,8.2,角色扮演,"单机,武侠,TapTap独家",1027045 人关注
60,古代战争：放置救世主 CN,厂商: 猫步游戏,9.2,角色扮演,"竖屏,放置,挂机",331124 人关注
61,阴阳师：百闻牌 CN,厂商: 网易游戏,6.5,卡牌,"CCG,阴阳师,卡牌对战",948230 人安装 1119036 人关注
62,烟雨江湖,厂商: 杭州西米,6.1,角色扮演,"武侠,单机,角色扮演",861132 人安装 1175104 人关注
63,荒野乱斗 CN,厂商: Supercell,4.4,动作,"休闲竞技,多人,动作",2589095 人安装 1179981 人关注
64,Phigros（测试版）,厂商: Pigeon Games | 鸽游,9.6,音乐,"音游,节奏,UP主推荐",1160733 人安装 1088573 人关注
65,大千世界（测试版）,厂商: 滑稽工作室,8.8,角色扮演,"RPG,开放世界,像素",9397340 人安装 4716990 人关注
66,奥拉星,厂商: 广州天梯网络科技有限公司,6,冒险,"养成,宠物,精灵",600979 人安装 3826353 人关注
67,食物语 CN,厂商: 腾讯,6,角色扮演,"女性向,养成,美食",1461809 人安装 834403 人关注
68,少女前线 CN,厂商: 上海散爆网络科技有限公司,8.5,策略,"美少女,策略,二次元",360104 人安装 311397 人关注
69,不休的乌拉拉 CN,厂商: 心动网络,4.3,休闲,"放置,挂机,休闲",486972 人关注
70,明日之后 CN,厂商: 网易游戏,4.1,角色扮演,"生存,多人联机,末日",2514286 人安装 1166494 人关注
71,开心消消乐,厂商: 乐元素科技(北京)股份有限公司,8.6,休闲,"益智,消除,消消乐",42226 人关注
72,地下城堡2：黑暗觉醒 CN,厂商: 雷霆游戏,9.1,模拟,"冒险,地牢,策略",412507 人安装 419926 人关注
73,元素方尖,厂商: 炽游GAME,6.8,冒险,"冒险,单机,地牢",1573013 人安装 1103129 人关注
74,逐光：启航（测试版） CN,厂商: Ohayoo,9.5,冒险,"文字,剧情,挂机",45775 人安装 156832 人关注
75,想不想修真,厂商: 鬼市管理员,7.2,文字,"竖屏,养成,修仙",7294709 人安装 4402130 人关注
76,行侠放置（测试版）,厂商: Sicuing,8.5,角色扮演,"文字,角色扮演,放置挂机",350896 人安装 349762 人关注
77,不朽之旅 CN,厂商: 雷霆游戏,5,策略,"暗黑,文字,竖屏",1233587 人安装 1412531 人关注
78,闪耀暖暖 CN,厂商: 叠纸游戏,4.8,角色扮演,"换装,3D,养成",3863726 人安装 1969746 人关注
79,策魂三国,厂商: 冰锥工作室,4.8,策略,"三国,战棋,策略",852075 人安装 541527 人关注
80,第五人格 CN,厂商: 网易游戏,7.3,角色扮演,"逃生,联机,多人",2211689 人安装 1139050 人关注
81,三国志·战略版,厂商: 广州简悦科技,6.3,策略,"策略,SLG,三国",526918 人安装 706676 人关注
82,战魂铭人 CN,厂商: 凉屋游戏,6.8,动作,"像素,Roguelike,单机",36019 人购买 124863 人关注
83,忍者必须死3,厂商: 小白工作室,6,动作,"虐心,动作,跑酷",171196 人安装 151752 人关注
84,影之诗 CN,厂商: 网易游戏,7.7,卡牌,"卡牌,TCG,卡牌对战",265941 人安装 688338 人关注
85,汉家江湖 CN,厂商: 汉家松鼠工作室,8.8,角色扮演,"武侠,角色扮演,战棋",531954 人安装 564950 人关注
86,阴阳师：妖怪屋 CN,厂商: 网易游戏,6.2,休闲,"养成,弹珠,阴阳师",2683842 人安装 1405697 人关注
87,怪奇小店,厂商: Neverland,8.7,模拟,"经营,像素,付费",33884 人关注
88,球球英雄,厂商: 霍尔果斯游众网络,6,策略,"塔防,竞技,竖屏",1405308 人安装 1605465 人关注
89,黑潮之上 CN,厂商: 网易游戏,4.6,角色扮演,"二次元,卡牌,策略",2321479 人安装 1147533 人关注
90,未定事件簿 CN,厂商: miHoYo,8,角色扮演,"乙女,女性向,推理",1575354 人安装 1375491 人关注
91,活下去,厂商: 黑骑士工作室,9,冒险,"生存,丧尸,单机",2764399 人安装 1197549 人关注
92,末日幸存者（测试服）,厂商: 幸存者互助协会,6.3,角色扮演,"生存,联机,末日",1296432 人安装 809534 人关注
93,#COMPASS 战斗天赋解析系统 CN,厂商: 心动网络,8,动作,"竖屏,卡牌,MOBA",3006343 人安装 1519458 人关注
94,不思议迷宫 CN,厂商: 雷霆游戏,8.4,策略,"UP主推荐,地牢,Roguelike",2141669 人安装 1350885 人关注
95,我的勇者 CN,厂商: 魔力数娱,4.7,角色扮演,"角色扮演,像素,联机",650657 人安装 810529 人关注
96,部落冲突 (Clash of Clans) CN,厂商: Supercell,9.2,策略,"战争,建造,策略",2111982 人安装 948447 人关注
97,率土之滨,厂商: 网易游戏,4.2,策略,"策略,SLG,三国",2081469 人安装 956233 人关注
98,召唤与合成 CN,厂商: 召合网络,9.7,益智,"卡牌,三消,策略",261445 人安装 245646 人关注
99,古今江湖 CN,厂商: 3K独游屋,8.3,卡牌,"武侠,策略,卡牌",606707 人安装 752059 人关注
100,双生视界 CN,厂商: 哔哩哔哩游戏,6.3,角色扮演,"二次元,经营,Live2D",2505493 人安装 910595 人关注
101,放置江湖,厂商: 小猴跳跳,7.5,角色扮演,"文字,武侠,放置",2479786 人安装 1255404 人关注
102,300大作战,厂商: 跳跃网络,4.2,动作,"二次元,MOBA,联机",1559301 人安装 737273 人关注
103,密室逃脱绝境系列10寻梦大作战,厂商: 深圳市火星人互动娱乐有限公司,9.2,益智,"TapTap独家,解谜,密室逃脱",433053 人关注
104,梦想协奏曲！少女乐团派对！ CN,厂商: 哔哩哔哩游戏,9,音乐,"音乐,美少女,音游",477529 人购买 1921162 人关注
105,植物大战僵尸2 CN,厂商: 拓维游戏,5,策略,"僵尸,塔防,单机",3685922 人安装 1805678 人关注
106,奇葩战斗家,厂商: 雷霆游戏,8.6,动作,"联机,多人对战,io",695665 人关注
107,坦克世界闪击战 CN,厂商: 网易游戏,6.4,模拟,"战争,联机,自由",4183424 人安装 3933516 人关注
108,2048清（测试版）,厂商: 召合网络,9.9,益智,"竖屏,消除,单机",142103 人关注
109,音乐世界 Cytus II,厂商: 龙渊网络,9.6,音乐,"付费,音游,内购",387770 人安装 544338 人关注
110,猎魂觉醒 CN,厂商: 网易游戏,7.2,角色扮演,"高自由度,狩猎,MMORPG",1465632 人安装 1083963 人关注
111,DB系统（测试版） CN,厂商: ST,9.2,角色扮演,"独立游戏,养成,冒险",6955817 人安装 3439818 人关注
112,球球大作战,厂商: Superpop Inc.,6.1,动作,"多人,联机,io",328730 人关注
113,宝箱与勇士（测试版）,厂商: Ohayoo,7.8,角色扮演,"角色扮演,策略,RPG",584198 人安装 437364 人关注
114,万国觉醒 CN,厂商: 莉莉丝游戏,3.7,策略,"策略,SLG,联机",1209830 人安装 798544 人关注
115,魂器学院 CN,厂商: 傲娇工作室,8.1,休闲,"竖屏,收集,放置",104928 人关注
116,失落城堡,厂商: 雷霆游戏,8.7,动作,"联机,Steam移植,Roguelike",4772985 人安装 2040386 人关注
117,华夏人生（测试版）,厂商: 快乐无法挡,8.5,模拟,"模拟,沙盒,联机",1594859 人安装 2309884 人关注
118,梦幻西游 CN,厂商: 网易游戏,7.4,角色扮演,"回合制,MMORPG,角色扮演",1324771 人安装 481398 人关注
119,牧羊人之心 CN,厂商: 第一弹游戏,8.4,休闲,"养成,竖屏,魔物娘",2172904 人安装 1217192 人关注
120,负之遗产（测试版）,厂商: 扑家工作室,7.3,角色扮演,"挂机,单机,像素",792002 人关注
121,非人学园 CN,厂商: 网易游戏,7,角色扮演,"MOBA,联机,二次元",3900497 人安装 1922569 人关注
122,龙族幻想 CN,厂商: 腾讯,4.5,角色扮演,"高画质,MMORPG,开放世界",1360048 人安装 595190 人关注
123,实况足球 CN,厂商: 网易游戏,5.3,体育,"足球,体育,模拟",850372 人安装 460537 人关注
124,黑暗料理王,厂商: 椰岛游戏,9.3,模拟,"经营,模拟,放置",142146 人关注
125,狼人杀 CN,厂商: 网易游戏,6.6,休闲,"多人,狼人杀,益智",469423 人安装 727609 人关注
126,比特小队,厂商: Kunpo,9.3,冒险,"地牢,Roguelike,联网",1833535 人购买 3097571 人关注
127,崩坏学园2,厂商: miHoYo,7.9,动作,"二次元,横版,美少女",582306 人安装 693319 人关注
128,道友请留步 CN,厂商: 极致游戏,6.4,卡牌,"卡牌,回合,策略",450013 人安装 346243 人关注
129,小小法师（测试版）,厂商: Never Late Studio,8.6,休闲,"Roguelike,单机,竖屏",1741707 人安装 625960 人关注
130,高能手办团,厂商: 盛和游戏,5.2,卡牌,"放置,二次元,联机",4161 人安装 86423 人关注
131,艾希,厂商: 心动网络,9.8,动作,"Steam移植,单机,动作",44087 人安装 11854 人关注
132,火影忍者：忍者新世代,厂商: 腾讯,5.4,卡牌,"卡牌,回合制,策略",2982624 人安装 1273172 人关注
133,梦幻模拟战 CN,厂商: 紫龙游戏,6.7,角色扮演,"战棋,日系游戏,SRPG",321045 人安装 310663 人关注
134,战舰少女R,厂商: 幻萌网络,9.5,角色扮演,"养成,收集,舰娘",444543 人安装 468602 人关注
135,荣耀大天使,厂商: 尚趣玩游戏,5.5,角色扮演,"冒险,MMORPG,角色扮演",1684929 人安装 824207 人关注
136,迷境射击（测试服）,厂商: 轩进软件,7.4,冒险,"动作,射击,冒险",221586 人关注
137,战舰联盟,厂商: 祖龙娱乐,8.9,动作,"高画质,战舰,海战",112052 人关注
138,萌趣医院,厂商: 小斗篷游戏,7.7,模拟,"养成,医院,经营",2364272 人安装 1508378 人关注
139,映月城与电子姬,厂商: 幻刃网络,7.2,休闲,"休闲,二次元,射击",141660 人安装 308309 人关注
140,皇帝成长计划2 CN,厂商: 四三九九网络股份有限公司,7.8,策略,"养成,模拟,角色扮演",340694 人安装 457936 人关注
141,开局一把剑（测试版）,厂商: 做个好游戏工作室,8.9,策略,"地牢,卡牌,单机",248713 人安装 528493 人关注
142,原石计划（测试版）,厂商: AliveGameStudio,9.2,卡牌,"Roguelike,战棋,卡牌",430044 人安装 537314 人关注
143,贪婪洞窟2 CN,厂商: 雷霆游戏,6.5,角色扮演,"RPG,Roguelike,地牢",664700 人安装 564879 人关注
144,灰烬战线 CN,厂商: 哔哩哔哩游戏,6.1,策略,"二次元,美少女,角色扮演",1552563 人安装 870775 人关注
145,旅行青蛙：中国之旅 CN,厂商: 广州灵犀互动娱乐有限公司,6.6,休闲,"宠物,治愈,放置",877655 人安装 494324 人关注
146,掌门太忙,厂商: 北京华清飞扬网络股份有限公司,7.1,角色扮演,"乙女,女性向,剧情",21460765 人安装 35468775 人关注
147,侍魂-胧月传说 CN,厂商: 腾讯,5.2,动作,"横版,动作,ARPG",10484753 人安装 4804125 人关注
148,三国杀OL(互通版),厂商: 杭州游卡网络技术有限公司,5,卡牌,"卡牌,三国,桌面和棋类",1409795 人安装 5714849 人关注
149,恋与制作人 CN,厂商: 叠纸游戏,6.2,角色扮演,"恋爱,养成,乙女",129733 人安装 713040 人关注
150,濡沫江湖,厂商: 北京络汀科技有限公司,7.8,文字,"武侠,角色扮演,单机",7740541 人安装 7424851 人关注
151,三国杀OL(互通版),厂商: 杭州游卡网络技术有限公司,5,卡牌,"卡牌,三国,桌面和棋类",144192 人关注
152,灰烬战线 CN,厂商: 哔哩哔哩游戏,6.1,策略,"二次元,美少女,角色扮演",989791 人安装 1070251 人关注
153,阿瑞斯病毒 CN,厂商: 青瓷,8.1,角色扮演,"生存,末日,单机",661530 人安装 1177632 人关注
154,跑跑卡丁车官方竞速版 CN,厂商: 上海邮通科技有限公司,6.4,竞速,"飙车,竞速,童年",2838090 人安装 1441541 人关注
155,多多自走棋 CN,厂商: 龙渊网络,5.9,策略,"联机,自走棋,策略",104034 人安装 135702 人关注
156,打BOSS（测试版）,厂商: 一起玩工作室,7.8,角色扮演,"点击,放置,挂机",1131713 人安装 725320 人关注
157,奇迹暖暖,厂商: 腾讯,7,休闲,"换装,女性向,养成",1652358 人安装 921546 人关注
158,剑网3：指尖江湖,厂商: 腾讯,4.1,角色扮演,"武侠,横版,MMORPG",967190 人关注
159,创造与魔法 CN,厂商: 英雄互娱,5.8,冒险,"开放世界,多人,沙盒",395644 人安装 372021 人关注
160,重建家园,厂商: 幸存者小分队,6.4,文字,"生存,文字,竖屏",2887363 人安装 1524502 人关注
161,弹力果冻,厂商: 养不大,6.7,角色扮演,"养成,可爱,收集",4552648 人安装 2514225 人关注
162,贪婪洞窟 CN,厂商: 雷霆游戏,7.6,冒险,"单机,地牢,探险",36679 人关注
163,百变大侦探,厂商: 北京久幺幺科技有限公司,9.3,角色扮演,"社交,解谜,推理",290415 人安装 204374 人关注
164,英雄棋士团,厂商: 灵光游戏,7.7,策略,"策略,卡牌,放置",606903 人安装 445530 人关注
165,部落冲突：皇室战争 CN,厂商: Supercell,6.5,策略,"卡牌,策略,对战",87631 人安装 88039 人关注
166,猫和老鼠：欢乐互动 CN,厂商: 网易游戏,8,动作,"多人,休闲,联机",84906 人关注
167,天天打怪升级（测试版）,厂商: 菲克软件,8.4,休闲,"放置,挂机,点击",1048939 人安装 576115 人关注
168,大明侠客令,厂商: 小黑龙网络,8.1,文字,"武侠,冒险,养成",1566141 人安装 768756 人关注
169,奶牛镇的小时光 CN,厂商: 第一波游戏,5.8,休闲,"经营,农场,休闲",210414 人关注
170,钢铁命令：将军的荣耀3,厂商: 苏州乐志软件,8.2,策略,"战棋,回合制,二战",1262018 人安装 749104 人关注
171,暗魔领主（测试服）,厂商: 傲人游戏,7.6,动作,"硬核,Roguelike,冒险",286322 人关注
172,五行师,厂商: 雷霆游戏,8.5,卡牌,"卡牌对战,卡牌,TCG",20686 人购买 22696 人关注
173,超进化物语,厂商: 深圳市探娱互动科学文化有限公司,7,角色扮演,"养成,进化,放置",112504 人安装 163104 人关注
174,六号特工：秘密任务（测试版）,厂商: Ohayoo,7.3,休闲,"单机,射击,休闲",53088 人安装 148719 人关注
175,爆炒江湖,厂商: 套鹿工作室,8.5,模拟,"经营,美食,放置",210586 人安装 58139 人关注
176,橙光,厂商: 北京六趣网络科技有限公司,7.8,文字,"互动小说,剧情,AVG",272817 人购买 627160 人关注
177,远方（付费下载版）,厂商: Kunpo,9.1,休闲,"单机,治愈,付费",458921 人关注
178,神武4,厂商: 广州多益网络股份有限公司,4.9,角色扮演,"MMORPG,回合制,角色扮演",61391 人安装 61461 人关注
179,魔法纪录：魔法少女小圆外传,厂商: 哔哩哔哩游戏,7.2,角色扮演,"二次元,卡牌,魔法少女",113586 人安装 309914 人关注
180,封仙之怒,厂商: 小浣熊游戏工作室,6.5,角色扮演,"竖屏,放置,修仙",3969369 人安装 3954195 人关注
181,Juicy Realm 恶果之地,厂商: 心动网络,8.8,动作,"Roguelike,射击,冒险",267744 人安装 353149 人关注
182,网吧模拟器（测试版）,厂商: 成都品游科技有限公司,3.7,角色扮演,"挂机,休闲,竖屏",15338 人安装 12561 人关注
183,群雄时代 CN,厂商: Yan Yue Games,7.4,策略,"策略,三国,TapTap独家",550705 人关注
184,街霸：对决,厂商: 腾讯,4.7,角色扮演,"街机,回合制,ACG",1027973 人关注
185,王牌战士,厂商: 腾讯,6.9,动作,"FPS,MOBA+FPS,射击",2126992 人安装 1261076 人关注
186,全球行动 CN,厂商: 极光计划,7.6,策略,"战争,RTS,多人",433361 人安装 1047973 人关注
187,魔力时光（测试服）,厂商: 上海东方明珠文化发展有限公司,8,休闲,"休闲,养成,消除",3426568 人安装 1176398 人关注
188,黑色幸存者（测试版） CN,厂商: 顽皮熊工作室,8,策略,"文字,生存,策略",64895 人关注
189,抽卡人生（测试版）,厂商: CannedFish Game,8.3,策略,"单机,有毒,生存",1312780 人关注
190,长生劫 CN,厂商: 雷霆游戏,9.4,冒险,"单机,盗墓,文字",126986 人安装 218158 人关注
191,天天象棋,厂商: 腾讯,8,策略,"桌面和棋类,益智,象棋",1254931 人安装 632574 人关注
192,野蛮时代,厂商: tap4fun,7.2,策略,"建造,多人,策略",10023 人关注
193,很多勇者（测试服）,厂商: 很多工作室,8.1,角色扮演,"角色扮演,挂机,放置",2214180 人安装 1445220 人关注
194,人工桌面,厂商: miHoYo,8.3,桌面和棋类,"美少女,高画质,3D",90394 人安装 224890 人关注
195,巨像骑士团,厂商: 雷霆游戏,5.9,卡牌,"冒险,养成,放置",38041 人关注
196,少年侠客,厂商: 虫咖游戏,8.4,角色扮演,"武侠,单机,放置",861587 人安装 844830 人关注
197,英雄远征（测试版）,厂商: Naughty cat,7.5,角色扮演,角色扮演,233761 人关注
198,狂野飙车9：竞速传奇 CN,厂商: 广州灵犀互动娱乐有限公司,5.3,竞速,"高画质,漂移,联机",452399 人安装 264562 人关注
199,少年三国志：零,厂商: 游族网络,5.6,卡牌,"三国,策略,卡牌",1343692 人安装 773215 人关注
200,我要上厕所（测试版）,厂商: 深圳市必凡娱乐科技有限公司,6.2,模拟,"经营,挂机,模拟",542775 人安装 312160 人关注
201,山海镜花,厂商: 游族网络,6.4,角色扮演,"二次元,卡牌,养成",751801 人关注
202,楼下的早餐店（测试版）,厂商: YiYo Studios,8.9,模拟,"美食,经营,剧情",478294 人安装 573273 人关注
203,血族,厂商: 盛趣游戏,8.6,角色扮演,"卡牌,二次元,回合制",259653 人关注
204,小小航海士外传 CN,厂商: LinkJoy,8.9,冒险,"模拟经营,独立游戏,探险",302273 人安装 880269 人关注
205,刀剑乱舞-ONLINE- CN,厂商: 游族网络,9.7,角色扮演,"女性向,二次元,卡牌",235883 人安装 203936 人关注
206,我想成为创造者（测试版）,厂商: AikesiGame,9.7,动作,"平台跳跃,横版,自制关卡",13533 人安装 13243 人关注
207,重装战姬 CN,厂商: 哔哩哔哩游戏,5.4,动作,"二次元,动作,机甲",28892 人关注
208,军团战棋英雄时代（测试服）,厂商: Bear&Cat,9.6,策略,"Steam移植,单机,战棋",1719930 人安装 578919 人关注
209,深渊地平线 CN,厂商: 心动网络,6.8,角色扮演,"二次元,3D,美少女",4410181 人安装 1992920 人关注
210,灌篮高手 CN,厂商: 上海蛙扑网络技术有限公司,5,体育,"ACG,日漫,漫改",19894 人安装 302042 人关注
211,魔灵时代,厂商: 蜜蜂工作室,7,卡牌,"冒险,卡牌,放置",3225 人关注
212,地心纪元（测试版）,厂商: JoyDo Entertainment,7.4,角色扮演,"竖屏,射击,独立游戏",10147 人安装 36484 人关注
213,逃跑吧！少年,厂商: 深圳市抱一网络科技有限公司,6.4,休闲,"竞技,欢乐,联机",2675936 人安装 1690634 人关注
214,还有这种操作,厂商: 青豆工作室,8.8,知识问答,"烧脑,有毒,单机",1039648 人安装 596837 人关注
215,通感纪元（预下载） CN,厂商: 60制作组,8.8,策略,"二次元,日系,赛博朋克",1738444 人安装 1170482 人关注
216,我选技闯关（测试版）,厂商: 一起玩工作室,8,策略,休闲,126146 人安装 327846 人关注
217,家园卫士,厂商: 深圳市天蝎座互娱科技有限公司,3,冒险,"策略,单机,塔防",1709796 人安装 868236 人关注
218,重装上阵 CN,厂商: 网易游戏,7.8,策略,"机甲,组装,多人",310325 人关注
219,姬魔恋战纪,厂商: 上海义乐信息科技有限公司,8.6,角色扮演,"二次元,美少女,恋爱",219493 人安装 218562 人关注
220,约战：精灵再临,厂商: 大凉山制作组,7.2,动作,"二次元,恋爱,美少女",840334 人安装 1343315 人关注
221,万灵启源,厂商: 哔哩哔哩游戏,5.2,角色扮演,"美少女,二次元,角色扮演",276685 人安装 938688 人关注
222,模拟城市：我是市长 CN,厂商: 北京北纬通信科技股份有限公司,5.9,休闲,"经营,模拟,城市建造",13856 人关注
223,我也是大侠（测试版）,厂商: Ohayoo,6.6,模拟,"挂机,竖屏,武侠",438438 人安装 334625 人关注
224,悠长假期 CN,厂商: 锐战科技（上海）有限公司,6.1,休闲,"模拟,休闲,剧情",1171545 人关注
225,天天酷跑,厂商: 腾讯,5,冒险,"跑酷,道具付费,动作",4693 人安装 4490 人关注
226,QQ炫舞手游,厂商: 腾讯,6.2,音乐,"音乐,换装,舞蹈",20306 人安装 20524 人关注
227,迷你喜日式拼图（测试版）,厂商: 迷你喜,6.4,益智,"单机,休闲,益智",152244 人安装 238627 人关注
228,月兔历险记 CN,厂商: 深圳市火星人互动娱乐有限公司,8.6,休闲,"休闲,放置,TapTap独家",306860 人关注
229,无尽灵魂（测试版）,厂商: 只做一款游戏工作室,8.9,角色扮演,"单机,硬核,ARPG",531181 人安装 255366 人关注
230,九州三国志,厂商: 瑞游联动,7.1,策略,策略,849511 人安装 680352 人关注
231,网红奶茶店（测试服）,厂商: 柠檬酱游戏,7.1,模拟,"模拟,TapTap独家,经营",378059 人安装 245521 人关注
232,曙光英雄,厂商: 竞技世界(北京)网络技术有限公司,5.3,动作,"MOBA,PVP,5v5",2393926 人安装 1665547 人关注
233,Cytoid（测试版） CN,厂商: Tiger Tang,8.8,音乐,"DIY,音游,音乐",914951 人安装 751064 人关注
234,海岛奇兵（Boom Beach） CN,厂商: Supercell,7.2,策略,"策略,即时战略,COC",587888 人安装 404290 人关注
235,神都夜行录 CN,厂商: 网易游戏,5.2,角色扮演,"国风,妖怪,MMO",39150 人安装 47768 人关注
236,武林英雄传 CN,厂商: 弘程游戏,7.7,角色扮演,"武侠,策略,放置",1044629 人安装 610544 人关注
237,纪念碑谷,厂商: 深圳市创梦天地科技有限公司,9.9,益智,"益智,几何,唯美",142399 人购买 190046 人关注
238,异化之地,厂商: 雷霆游戏,6.8,动作,"Roguelike,动作,克苏鲁",21799 人安装 47339 人关注
239,密室逃脱绝境系列11游乐园,厂商: 深圳市火星人互动娱乐有限公司,8.7,益智,"密室逃脱,解谜,悬疑",2015181 人安装 1125416 人关注
240,无双萌将,厂商: MiracleStudio,5.7,角色扮演,"国风,挂机,放置",1323064 人安装 217746 人关注
241,天天打波利,厂商: 心动网络,8.3,休闲,"放置,挂机,竖版",68591 人安装 115396 人关注
242,轩辕剑叁外传天之痕 CN,厂商: SOFTSTAR ENTERTAINMENT,8.7,角色扮演,"仙侠,单机,回合制",463679 人安装 642482 人关注
243,追妖记,厂商: 掌上游工作室,7.1,角色扮演,"策略,修仙,挂机",999229 人安装 549091 人关注
244,边境之旅 CN,厂商: 网易游戏,6.8,角色扮演,"生存,经营模拟,冒险",243070 人关注
245,仙道逃亡,厂商: 深圳市瞻宇软件技术有限公司,7.3,角色扮演,"仙侠,放置,修仙",260025 人安装 549942 人关注
246,剑网3指尖对弈,厂商: 西山居游戏,6.4,休闲,"自走棋,休闲,策略",1750643 人安装 1127805 人关注
247,元素地牢 CN,厂商: 极光计划,5.2,休闲,"联机,像素,Roguelike",376001 人安装 502242 人关注
248,食之契约,厂商: 食之契约制作委员会,7.6,卡牌,"二次元,养成,收集",493698 人安装 714743 人关注
249,文豪迷犬怪奇谭（测试服）,厂商: Boltrend,8.8,角色扮演,"ACG,日漫,卡牌",1051850 人安装 760895 人关注
250,最终幻想：勇气启示录 CN,厂商: 西山居世游,5.9,角色扮演,"像素,回合制,角色扮演",424427 人安装 517205 人关注
251,全民数独,厂商: 绵阳智如科技有限责任公司,8.5,益智,"益智,烧脑,单机",48049 人安装 33636 人关注
252,新笑傲江湖 CN,厂商: 完美世界,4.5,角色扮演,"武侠,角色扮演,MMO",1474844 人安装 955721 人关注
253,先锋英雄：造物法则2 CN,厂商: 广州天梯网络科技有限公司,6.4,角色扮演,"RPG,收集,二次元",1620090 人关注
254,旅行串串,厂商: Kunpo,9.5,休闲,"放置,经营,美食",266596 人安装 152756 人关注
255,遇见逆水寒 CN,厂商: 网易游戏,6.8,角色扮演,"恋爱,养成,乙女",27583 人购买 110179 人关注
256,魔天记,厂商: 方寸,4.5,角色扮演,"修仙,角色扮演,RPG",210686 人关注
257,流星群侠传 CN,厂商: 网易游戏,5.9,动作,"武侠,联机,动作",25170 人关注
258,众生游,厂商: 边境工作室,8.7,模拟,"真实模拟,养成,高自由度",514785 人安装 286799 人关注
259,萝莉养成计划 CN,厂商: 南京月冕网络科技有限公司,6.1,角色扮演,"二次元,ACG,收集",720943 人关注
260,妙连千军,厂商: 套鹿工作室,7.4,策略,"竖屏,消除,Roguelike",235604 人关注
261,模拟帝国（测试版） CN,厂商: TKG,6.8,策略,"模拟,策略,战争",131225 人关注
262,功夫奇遇记（测试版）,厂商: Ohayoo,7.2,冒险,"Roguelike,独立游戏,动作",122793 人安装 248770 人关注
263,仙侠第一放置·网络版,厂商: 撸娃工作室,8.3,角色扮演,"放置,修仙,挂机",101410 人安装 74153 人关注
264,人生模拟器：中国式人生（测试版）,厂商: kiwigames,4.5,模拟,"模拟,养成,文字",206951 人安装 314866 人关注
265,传说之旅（测试版）,厂商: 地心引力工作室,8.4,动作,"像素,Roguelike,单机",510126 人安装 993906 人关注
266,不一样传说（测试版）,厂商: 芥菜子游戏,7.6,冒险,"角色扮演,竖屏,单机",554492 人安装 463347 人关注
267,飞跃星球,厂商: 重庆星漫科技有限公司,4.5,模拟,"宇宙,文字游戏,TapTap独家",2164199 人安装 1526477 人关注
268,三国志吕布传,厂商: 纵横工作室,9,策略,"单机,策略,战棋",1362672 人关注
269,圣斗士星矢（腾讯） CN,厂商: 腾讯,6.2,角色扮演,"回合制,圣斗士,卡牌",668465 人安装 475499 人关注
270,凹凸世界 CN,厂商: 七创社,6.2,角色扮演,"漫改,ACG,养成",17537 人安装 11939 人关注
271,永不言弃！！,厂商: 东品游戏,7.1,音乐,"虐心,手残,节奏",1946148 人安装 1135301 人关注
272,战争艺术 CN,厂商: 朝夕光年,6.7,策略,"高画质,Steam移植,战争",729682 人安装 571587 人关注
273,像素射击 - Cops N Robbers（测试版）,厂商: 巨量引擎,7.1,动作,"像素,枪战,联机",2983742 人安装 1431571 人关注
274,大航海探险物语,厂商: 识君,8,模拟,"开罗,像素,联网",855290 人安装 477334 人关注
275,一代掌门（测试服）,厂商: 感触网络,6.8,模拟,"经营,模拟,策略",643789 人安装 402987 人关注
276,物种起源,厂商: 起源工作室,8.8,策略,"放置,科幻,挂机",2382096 人关注
277,云裳羽衣 CN,厂商: 腾讯,7.2,角色扮演,"捏脸,换装,3D",510792 人安装 381616 人关注
278,同步音律,厂商: 廊坊同步音律信息科技有限公司,9.3,音乐,"洛天依,音游,二次元",199217 人安装 144364 人关注
279,航海王：燃烧意志,厂商: 爱九游信息技术有限公司,5.1,角色扮演,"动漫,ACG,回合制",233499 人关注
280,口袋学院物语2,厂商: 识君,9.2,模拟,"单机,开罗,像素",2288010 人安装 2398310 人关注
281,我功夫特牛（测试版） CN,厂商: Ohayoo,6.8,动作,"Roguelike,火柴人,休闲",1902 人关注
282,螺旋圆舞曲,厂商: 广州天梯网络科技有限公司,6.6,角色扮演,"换装,女性向,养成",213896 人安装 585923 人关注
283,女神星球,厂商: 银月网络,7.4,角色扮演,"养成,挂机,放置",1094746 人安装 1899604 人关注
284,字走三国（测试版） CN,厂商: 零图游戏,9.1,桌面和棋类,"单机,三国,文字",638270 人安装 481113 人关注
285,节奏大师,厂商: 腾讯,8.1,休闲,"音乐,音游,节奏",486504 人安装 1552530 人关注
286,末剑二（测试服）,厂商: 极光计划,9.6,冒险,"国风,武侠,单机",21553 人安装 27618 人关注
287,战歌竞技场 CN,厂商: 腾讯,5.1,策略,"自走棋,对战,竞技",136911 人安装 50596 人关注
288,地铁跑酷,厂商: 深圳市创梦天地科技有限公司,6.3,冒险,"跑酷,单机,免费",146302 人安装 499544 人关注
289,邮差骑士 CN,厂商: 嘉丰永道（北京）科技股份有限公司,7.4,角色扮演,"单机,竖屏,角色扮演",470846 人安装 424635 人关注
290,一人之下,厂商: 腾讯,4.3,动作,"动作,国漫,格斗",496532 人安装 384768 人关注
291,精灵究极进化 CN,厂商: 海南一五一十网络科技有限公司,3.4,角色扮演,"角色扮演,MMO,像素",499890 人安装 100112 人关注
292,奥特曼系列OL,厂商: METEK,6.3,角色扮演,"内购,回合制",2036289 人安装 1185014 人关注
293,英雄杀,厂商: 腾讯,2.8,卡牌,"桌面和棋类,策略",135458 人关注
294,启源女神 CN,厂商: 启源计划工作室,6.4,卡牌,"卡牌,养成,回合制",234259 人安装 306340 人关注
295,航海日记,厂商: 北京乐动卓越科技有限公司,8.9,冒险,"模拟,航海,经营",427961 人安装 443245 人关注
296,断刀客（测试版）,厂商: 群黑游戏,7.4,文字,"武侠,修仙,MUD",664718 人安装 564895 人关注
297,遇见,厂商: 亘游个人工作室,7.9,角色扮演,"开放世界,角色扮演,冒险",141661 人安装 308315 人关注
298,我的奶茶屋（测试版）,厂商: 睿鱼工作室,8.3,模拟,"经营,休闲,可爱",2958972 人安装 1812247 人关注
299,闪烁之光 CN,厂商: 诗悦网络,4.8,角色扮演,"放置,二次元,卡牌",1329809 人安装 1913039 人关注
300,方舟指令 CN,厂商: 哔哩哔哩游戏,7.3,卡牌,"二次元,养成,卡牌养成",232192 人安装 172106 人关注
